id_contrato_a,id_propiedad,id_arrendatario,id_codeudor,fecha_inicio_contrato_a,fecha_fin_contrato_a,duracion_contrato_a,canon_arrendamiento,deposito,estado_contrato_a,motivo_cancelacion,fecha_renovacion_contrato_a,fecha_incremento_ipc,fecha_ultimo_incremento_ipc,created_at,created_by,updated_at,updated_by,alerta_vencimiento_contrato_a,alerta_ipc,fecha_pago,grupo_operativo
126,100097,116,,2024-01-01,2025-12-31,12,10000000,0,Activo,,2026-05-24,,,2026-05-25 02:01:03.641907+00,test_script,2026-05-24T21:01:04.412096,test_runner,True,True,10,0
66,100017,62,46,2025-08-04,2026-08-04,12,1350000,700000,Activo,,,,,2026-03-07 20:38:18.555266+00,admin,2026-03-07T20:39:08.051375,admin,True,True,10,0
67,100023,63,47,2024-09-17,2026-09-17,24,1157000,800000,Activo,,,,,2026-03-07 21:02:21.699251+00,admin,2026-03-07T21:03:41.218336,admin,True,True,20,0
68,13,64,48,2025-08-06,2026-08-06,12,1200000,600000,Activo,,,,,2026-03-07 21:19:43.91277+00,admin,2026-03-07T21:20:05.415626,admin,True,True,10,0
57,100019,54,38,2025-05-08,2026-05-16,12,773956,368200,Cancelado,Cancelación manual desde interfaz,2026-05-02,,,2026-03-06 18:13:48.705105+00,admin,2026-05-16T19:35:12.834479,admin,True,True,08,0
34,11,28,12,2025-12-17,2026-12-17,12,1100000,600000,Activo,,,,,2026-02-25 22:37:24.958625+00,admin,2026-02-25 22:37:24.958625+00,admin,True,True,20,0
35,39,29,13,2025-10-23,2026-10-23,12,700000,350000,Activo,,,,,2026-02-25 23:44:25.103494+00,admin,2026-02-25 23:44:25.103494+00,admin,True,True,30,0
38,34,32,16,2025-11-22,2026-11-22,12,840000,420000,Activo,,,,,2026-02-26 14:31:34.724034+00,admin,2026-02-26T14:32:01.407656,admin,True,True,30,0
56,5,53,37,2025-11-20,2026-11-20,12,1000000,500000,Activo,,2026-05-20,,,2026-03-06 16:07:36.983032+00,admin,2026-05-20T12:57:24.103895,admin,True,True,20,0
41,100039,35,19,2024-12-16,2026-12-16,24,1578000,700000,Activo,,,,,2026-02-27 02:25:34.831286+00,admin,2026-02-27T02:28:20.014032,admin,True,True,20,0
52,17,46,30,2025-06-21,2026-06-21,12,650000,350000,Activo,,,,,2026-03-04 03:31:08.781864+00,admin,2026-03-04T03:31:44.450235,admin,True,True,30,0
32,14,27,11,2024-10-01,2026-10-01,25,684000,300000,Activo,,,,,2026-02-25 21:30:50.839027+00,admin,2026-02-25T21:33:45.576832,test_trigger,True,True,10,0
48,8,42,26,2024-01-11,2026-07-11,30,715400,200000,Activo,,,,,2026-03-04 01:19:02.575094+00,admin,2026-03-04T01:20:33.921331,admin,True,True,20,0
70,100048,71,55,2025-09-16,2026-09-16,12,800000,400000,Activo,,,,,2026-03-09 02:18:25.266122+00,admin,2026-03-09T02:18:56.655149,admin,True,True,20,0
50,100032,44,28,2025-06-28,2026-06-28,12,1200000,600000,Activo,,,,,2026-03-04 02:28:42.384603+00,admin,2026-03-04T02:30:01.471158,admin,True,True,30,0
53,10,41,25,2026-03-04,2027-03-04,12,1100000,500000,Activo,,,,,2026-03-04 16:28:42.970797+00,admin,2026-03-04 16:28:42.970797+00,admin,True,True,10,0
31,100035,25,9,2025-04-05,2026-04-08,12,950000,475000,Cancelado,Cancelación manual desde interfaz,,,,2026-02-25 20:25:37.761048+00,admin,2026-04-08T18:24:01.676979,admin,True,True,5,0
51,29,45,29,2025-07-15,2026-07-15,12,1000000,550000,Activo,,,,,2026-03-04 03:04:48.91658+00,admin,2026-05-14 20:31:05.089667+00,admin,True,True,20,0
63,28,59,43,2025-07-30,2026-07-30,12,750000,350000,Activo,,,,,2026-03-07 18:12:23.339917+00,admin,2026-03-07T18:13:14.606590,admin,True,True,30,0
69,24,65,49,2025-09-20,2026-09-20,12,1300000,650000,Activo,,,,,2026-03-07 21:48:18.850519+00,admin,2026-03-07T21:48:41.664436,admin,True,True,20,0
62,100043,47,31,2026-02-15,2027-02-15,12,2100000,1050000,Activo,,,,,2026-03-07 17:43:39.870914+00,admin,2026-03-07T17:45:08.536794,admin,True,True,20,0
65,100047,61,45,2026-07-29,2027-07-29,12,900000,600000,Activo,,,,,2026-03-07 20:17:48.905545+00,admin,2026-03-07T20:19:25.485995,admin,True,True,30,0
71,100049,73,57,2025-10-22,2026-10-22,12,600000,300000,Activo,,,,,2026-03-09 02:46:45.717496+00,admin,2026-03-09T02:47:14.057641,admin,True,True,30,0
73,20,76,24,2025-10-05,2026-10-05,12,2300000,1150000,Activo,,,,,2026-03-09 03:36:51.608131+00,admin,2026-03-09T03:42:22.051537,admin,True,True,10,0
75,100083,78,61,2025-10-06,2026-10-06,12,900000,450000,Activo,,,,,2026-03-10 00:22:53.955239+00,admin,2026-03-10T00:23:38.547466,admin,True,True,10,0
107,100093,101,84,2026-04-15,2027-04-15,12,1600000,800000,Activo,,,,,2026-04-02 23:37:37.777583+00,admin,2026-04-02T23:38:44.099825,admin,True,True,20,0
116,100045,107,91,2023-09-23,2026-09-23,36,710000,355000,Activo,,,,,2026-04-25 21:20:43.760457+00,admin,2026-05-18T21:59:33.423916,admin,True,True,30,0
90,22,87,37,2026-03-10,2026-06-10,3,1100000,550000,Activo,,,,,2026-03-10 20:30:51.31356+00,admin,2026-03-10 20:30:51.31356+00,admin,True,True,10,0
108,25,102,85,2026-05-01,2026-04-13,0,750000,375000,Cancelado,Cancelación manual desde interfaz,,,,2026-04-09 00:05:33.995008+00,admin,2026-04-13T23:56:15.256751,admin,True,True,1,0
89,32,86,69,2025-11-01,2026-11-01,13,750000,400000,Activo,,,,,2026-03-10 18:41:34.130619+00,admin,2026-03-10T18:42:03.345388,admin,True,True,10,0
77,26,81,64,2025-10-09,2026-05-20,12,550000,250000,Cancelado,Cancelación manual desde interfaz,,,,2026-03-10 13:12:37.415655+00,admin,2026-05-20T12:52:51.633721,admin,True,True,9,0
105,100015,99,82,2023-07-30,2026-07-30,36,747000,300000,Activo,,,,,2026-03-28 21:22:31.7756+00,admin,2026-05-18T21:26:42.996810,admin,True,True,30,0
79,100030,69,53,2024-11-21,2026-11-21,24,789000,400000,Activo,,,,,2026-03-10 14:46:02.090079+00,admin,2026-03-10 14:46:02.090079+00,admin,True,True,30,0
80,37,67,51,2025-07-14,2026-07-14,12,850000,500000,Activo,,,,,2026-03-10 14:48:54.147672+00,admin,2026-03-10 14:48:54.147672+00,admin,True,True,20,0
101,100088,96,78,2025-10-15,2026-10-15,12,500000,250000,Activo,,,,,2026-03-11 03:45:50.080491+00,admin,2026-05-16T18:36:45.623541,admin,True,True,20,0
91,100090,88,70,2025-11-03,2026-11-03,12,650000,350000,Activo,,,,,2026-03-10 22:54:44.345519+00,admin,2026-03-10T22:55:18.691912,admin,True,True,10,0
94,100026,89,71,2025-11-27,2026-11-27,12,1200000,600000,Activo,,,,,2026-03-11 00:10:15.020775+00,admin,2026-03-11T00:10:47.256474,admin,True,True,30,0
82,35,70,54,2024-09-28,2026-09-28,24,1264200,632100,Activo,,,,,2026-03-10 15:05:58.672474+00,admin,2026-05-15T15:58:25.609042,admin,True,True,30,0
115,100094,106,90,2025-07-05,2026-07-05,12,600000,300000,Activo,,2026-05-02,,,2026-04-25 20:11:34.016402+00,admin,2026-05-16T17:05:23.181191,admin,True,True,10,0
96,16,91,73,2025-12-05,2026-12-05,12,750000,350000,Activo,,,,,2026-03-11 00:31:02.537101+00,admin,2026-03-11T00:31:28.384283,admin,True,True,10,0
92,23,74,58,2025-09-15,2026-09-15,12,2150000,1000000,Activo,,,,,2026-03-10 23:11:22.626258+00,admin,2026-05-09T12:42:34.698208,admin,True,True,20,0
114,25,80,63,2026-04-15,2027-04-15,12,840800,400000,Activo,,,,,2026-04-25 19:42:23.855289+00,admin,2026-05-20 03:59:43.933589+00,admin,True,True,20,0
97,100085,92,74,2025-01-02,2027-01-02,24,579000,250000,Activo,,,,,2026-03-11 01:34:55.990612+00,admin,2026-05-16T16:44:43.543281,admin,True,True,10,0
118,100044,109,93,2026-05-05,2026-05-04,12,900000,500000,Cancelado,Cancelación manual desde interfaz,,,,2026-05-04 13:01:17.061141+00,admin,2026-05-04T19:40:03.551924,admin,True,True,5,0
119,100044,110,94,2026-05-05,2026-05-04,12,900000,500000,Cancelado,Cancelación manual desde interfaz,,,,2026-05-04 19:47:25.257642+00,admin,2026-05-04T19:50:32.295683,admin,True,True,5,0
85,36,83,66,2025-02-12,2027-02-12,24,1264000,600000,Activo,,,,,2026-03-10 15:24:39.828141+00,admin,2026-05-02T14:07:10.577934,admin,True,True,20,0
120,100044,110,94,2026-05-05,2027-05-05,12,900000,500000,Activo,,,,,2026-05-04 19:50:48.885454+00,admin,2026-05-04 19:50:48.885454+00,admin,True,True,10,0
95,100034,90,72,2026-01-01,2026-05-01,5,600000,300000,Cancelado,Cancelación manual desde interfaz,,,,2026-03-11 00:19:23.062375+00,admin,2026-05-01T16:09:06.371959,admin,True,True,01,0
121,100034,111,95,2026-05-10,2027-05-10,12,650000,350000,Activo,,,,,2026-05-08 01:43:28.765553+00,admin,2026-05-08T03:27:09.091214,admin,True,True,10,0
93,100044,49,33,2026-01-01,2026-04-29,4,900000,500000,Cancelado,Cancelación manual desde interfaz,,,,2026-03-10 23:21:29.201076+00,admin,2026-04-29T19:36:30.731010,admin,True,True,1,0
123,100096,113,97,2026-05-20,2027-05-20,12,900000,450000,Activo,,,,,2026-05-14 20:25:51.351945+00,admin,2026-05-25T01:33:02.819353,admin,True,True,20,0
74,100050,77,60,2025-04-24,2026-04-21,11,2000000,1000000,Cancelado,Cancelación manual desde interfaz,,,,2026-03-09 03:57:40.211485+00,admin,2026-04-21T04:30:27.127030,admin,True,True,24,0
39,30,33,17,2025-11-15,2026-05-16,6,750000,350000,Cancelado,Cancelación manual desde interfaz,,,,2026-02-26 15:42:07.911206+00,admin,2026-05-16T20:10:28.464223,admin,True,True,15,0
55,100014,51,35,2025-10-11,2026-05-07,6,700000,350000,Cancelado,Cancelación manual desde interfaz,,,,2026-03-06 15:44:05.510093+00,admin,2026-05-07T22:27:02.618221,admin,True,True,11,0
76,27,80,63,2025-10-13,2026-04-18,6,650000,350000,Cancelado,Cancelación manual desde interfaz,,,,2026-03-10 13:02:15.2851+00,admin,2026-04-18T22:16:51.559736,admin,True,True,13,0
87,25,84,67,2025-10-25,2026-04-08,5,750000,350000,Cancelado,Cancelación manual desde interfaz,,,,2026-03-10 18:10:14.90176+00,admin,2026-04-08T00:22:27.139008,admin,True,True,25,0
42,19,36,20,2025-04-01,2026-04-08,13,750000,350000,Cancelado,Cancelación manual desde interfaz,,,,2026-02-27 02:59:53.622343+00,admin,2026-04-08T18:25:54.461002,admin,True,True,1,0
109,100089,103,86,2025-05-15,2026-04-25,11,850000,425000,Cancelado,Cancelación manual desde interfaz,,,,2026-04-13 17:47:23.182903+00,admin,2026-04-25T13:14:36.153341,admin,True,True,15,0
37,38,30,15,2025-11-12,2026-05-20,7,650000,325000,Cancelado,Cancelación manual desde interfaz,,,,2026-02-26 00:11:22.399795+00,admin,2026-05-20T12:54:12.329633,admin,True,True,12,0
78,100042,52,36,2025-02-12,2027-02-12,24,737000,350000,Activo,,,,,2026-03-10 14:42:17.155624+00,admin,2026-05-09T12:59:11.559711,admin,True,True,20,0
81,100011,82,65,2025-09-11,2026-09-11,12,900000,500000,Activo,,,,,2026-03-10 15:01:18.215414+00,admin,2026-05-11T00:51:43.932497,admin,True,True,20,0
99,100087,94,76,2025-10-04,2026-10-04,12,630000,315000,Activo,,,,,2026-03-11 03:16:03.130618+00,admin,2026-05-16T18:17:16.727436,admin,True,True,10,0
112,100013,48,32,2026-04-22,2027-04-22,12,1420000,710000,Activo,,,,,2026-04-25 14:51:18.406247+00,admin,2026-05-16T19:30:09.018892,admin,True,True,30,0
83,100033,72,56,2025-12-15,2026-12-15,12,700000,400000,Activo,,,,,2026-03-10 15:09:18.045153+00,admin,2026-05-18T22:22:17.429203,admin,True,True,20,0
100,100084,95,49,2026-02-01,2027-02-01,13,800000,400000,Activo,,,,,2026-03-11 03:35:35.307292+00,admin,2026-03-11 03:35:35.307292+00,admin,True,True,10,0
117,100095,108,92,2025-11-15,2026-11-15,12,850000,425000,Activo,,2026-05-12,,,2026-04-25 21:55:08.492622+00,admin,2026-05-12T23:41:04.518057,admin,True,True,20,0
106,100092,100,83,2026-04-01,2027-04-01,13,800000,450000,Activo,,,,,2026-04-01 23:22:10.934512+00,admin,2026-05-14 20:32:40.06192+00,admin,True,True,10,0
84,100028,66,50,2025-09-01,2026-09-01,13,1100000,600000,Activo,,,,,2026-03-10 15:11:31.299079+00,admin,2026-05-10T16:37:32.608293,admin,True,True,10,0
122,100014,112,96,2026-05-11,2027-05-11,12,750000,375000,Activo,,,,,2026-05-08 01:49:50.890515+00,admin,2026-05-18T21:14:28.736279,admin,True,True,20,0
60,100021,57,41,2024-05-11,2027-05-11,36,663391,315600,Activo,,2026-05-09,,,2026-03-06 20:36:26.126685+00,admin,2026-05-18T22:12:39.016494,admin,True,True,20,0
40,100038,34,18,2025-07-01,2026-07-01,13,550000,300000,Activo,,,,,2026-02-26 17:45:30.094128+00,admin,2026-02-26T17:46:16.619052,admin,True,True,10,0
44,100040,38,22,2026-03-01,2027-03-01,13,1200000,600000,Activo,,,,,2026-02-28 14:38:56.621773+00,admin,2026-02-28T14:39:44.211316,admin,True,True,10,0
45,100041,39,23,2026-03-01,2027-03-01,13,850000,400000,Activo,,,,,2026-02-28 17:26:15.84469+00,admin,2026-02-28 17:26:15.84469+00,admin,True,True,10,0
36,100029,31,14,2024-03-17,2026-09-17,30,526000,250000,Activo,,2026-03-18,,,2026-02-25 23:58:33.88134+00,admin,2026-03-18T15:28:21.350630,admin,True,True,20,0
49,9,43,27,2026-02-01,2027-02-01,13,800000,400000,Activo,,,,,2026-03-04 01:37:41.973003+00,admin,2026-03-04T01:38:44.694078,admin,True,True,10,0
29,100031,23,7,2026-03-01,2027-03-01,13,1700000,850000,Activo,,,,,2026-02-24 01:25:36.567875+00,admin,2026-05-12T23:32:14.737205,admin,True,True,10,0
33,100036,26,10,2025-08-01,2026-08-01,13,650000,325000,Activo,,,,,2026-02-25 22:34:15.879341+00,admin,2026-05-01T14:06:01.443549,admin,True,True,10,0
61,100027,58,42,2024-04-01,2027-04-01,37,608108,289300,Activo,,2026-04-03,,,2026-03-06 21:09:21.547155+00,admin,2026-05-18T20:56:38.381689,admin,True,True,10,0
59,100018,56,40,2025-04-12,2027-04-12,24,840800,400000,Activo,,2026-04-13,,,2026-03-06 19:11:36.349815+00,admin,2026-05-16T20:00:45.859767,admin,True,True,20,0
58,100020,55,39,2023-09-01,2026-09-01,37,575000,287500,Activo,,,,,2026-03-06 18:28:36.062383+00,admin,2026-05-16T19:40:35.707444,admin,True,True,10,0
72,3,75,59,2025-09-01,2026-09-01,13,1100000,550000,Activo,,,,,2026-03-09 03:14:14.091499+00,admin,2026-03-09T03:15:38.983800,admin,True,True,10,0
30,100022,24,8,2026-02-01,2027-02-01,13,700000,350000,Activo,,,,,2026-02-25 14:16:59.732528+00,admin,2026-05-18T20:43:38.528344,admin,True,True,10,0
64,100046,60,44,2026-04-01,2027-04-01,13,800000,450000,Activo,,,,,2026-03-07 19:37:25.431187+00,admin,2026-05-02T22:16:01.408438,admin,True,True,10,0
88,33,85,68,2025-10-26,2026-10-26,12,750000,350000,Activo,,,,,2026-03-10 18:29:46.232656+00,admin,2026-03-11T05:04:13.915298,admin,True,True,30,0
102,100025,50,79,2025-07-01,2026-07-01,13,750000,400000,Activo,,,,,2026-03-11 04:58:53.101959+00,admin,2026-03-11T20:00:12.294505,admin,True,True,10,0
111,27,104,88,2026-05-01,2027-05-01,13,700000,350000,Activo,,,,,2026-04-20 23:43:17.873946+00,admin,2026-05-15T05:13:12.773632,admin,True,True,10,0
104,100016,98,81,2025-01-22,2027-01-22,24,790000,350000,Activo,,2026-04-11,,,2026-03-28 21:05:23.803701+00,admin,2026-05-18 21:33:27.778061+00,admin,True,True,30,0
98,100086,93,75,2026-02-01,2027-02-01,13,700000,350000,Activo,,,,,2026-03-11 02:07:00.268935+00,admin,2026-05-16T17:28:28.969403,admin,True,True,10,0
103,100091,97,80,2026-04-01,2027-04-01,13,700000,350000,Activo,,,,,2026-03-17 19:38:15.729911+00,admin,2026-05-08T05:22:55.779345,admin,True,True,10,0
113,100012,105,,2024-08-01,2026-08-01,25,770000,385000,Activo,,,,,2026-04-25 15:07:51.830843+00,admin,2026-05-16T19:19:02.010728,admin,True,True,10,0
43,21,37,21,2025-03-17,2027-03-17,24,840800,400000,Activo,,2026-03-18,,,2026-02-27 03:28:41.749091+00,admin,2026-05-20T12:48:30.206432,admin,True,True,20,0
125,30,115,99,2026-06-01,2027-06-01,13,800000,400000,Activo,,,,,2026-05-23 18:06:53.707048+00,admin,2026-05-23 18:06:53.707048+00,admin,True,True,10,0
124,26,114,98,2026-05-23,2027-05-23,12,600000,300000,Activo,,,,,2026-05-20 16:06:39.301869+00,admin,2026-05-20T16:08:18.836737,admin,True,True,30,0
